"","Country","Year","Status","Life.expectancy..men.","Life.expectancy.women.","Adult.Mortality..men.","Adult.Mortality..women.","Infant.deaths","Alcohol","Percentage.expenditure","Hepatitis.B.men.","Hepatitis.B.women.","Measles","BMI","Under.five.deaths","Polio","Total.expenditure","Diphtheria","HIV.AIDS","GDP","Population","thinness..1.19.years","thinness.5.9.years","Income.composition.of.resources","Schooling","country_id","Inflation..CPI...","GDP..Current.USD.","Unemployment.Rate....","Interest.Rate..Real....","Inflation..GDP.Deflator....","GDP.Growth....Annual.","Current.Account.Balance....GDP.","Government.Expense....of.GDP.","Government.Revenue....of.GDP.","Tax.Revenue....of.GDP.","Gross.National.Income..USD.","Public.Debt....of.GDP.","above_below_average"
"1","albania",2015,FALSE,78,66,97,68,0,4.6,364.9752287,59,29,0,58,0,99,6,99,0.1,3954.22783,28873,1.2,1.3,0.762,14.2,"al",3.50120835492657,11386853113.0189,17.193,7.27249242163997,0.563991350160876,2.21872637517804,-8.60488046763521,24.4461757489854,24.738150200759,18.5157898553099,11521811393.6203,79.8644181475793,FALSE
"2","albania",2014,FALSE,53,52,65,98,0,4.51,428.7490668,25,33,0,57.2,1,98,5.88,98,0.1,4575.763787,288914,1.2,1.3,0.761,14.2,"al",1.62586504402604,13228147516.1168,18.055,6.32455753333484,1.54991706986272,1.77444885260394,-10.7753990397848,24.3826654387392,24.5250980968319,18.3019361358269,13349419700.4171,73.3202274771466,FALSE
"3","albania",2013,FALSE,55,79,66,96,0,4.76,430.8769785,34,25,0,56.5,1,99,5.66,99,0.1,4414.72314,289592,1.3,1.4,0.759,14.2,"al",1.93762080205223,12776224496.9718,15.866,9.51039749125922,0.288745964127756,1.00201754071108,-9.27418778932724,24.1607729474324,22.3049495093896,16.5032706123389,12996543353.0861,70.5807697920008,FALSE
"4","albania",2012,FALSE,54,77,69,54,0,5.14,412.4433563,32,71,9,55.8,1,99,5.59,99,0.1,4247.61438,2941,1.3,1.4,0.752,14.2,"al",2.03159268395296,12319834195.331,13.376,9.73611207346728,1.04271460643407,1.4172427999078,-10.2001762330966,23.007590723666,23.0507101156878,17.4832335567459,12228069196.1144,63.6691526405469,FALSE
"5","albania",2011,FALSE,79,64,56,79,0,5.37,437.0621,66,35,28,55.1,1,99,5.71,99,0.1,4437.17868,295195,1.4,1.5,0.738,13.3,"al",3.42807130141503,12890760315.146,13.481,9.88846223555399,2.31474379699794,2.54540614450104,-12.9331014515688,23.0111069763437,23.9003193851567,18.0220132797796,12894099798.9481,69.6376739165201,FALSE
"6","australia",2014,TRUE,73,82,72,85,1,9.71,10769.36305,35,29,340,66.1,1,92,9.42,92,0.1,62214.6912,2346694,0.6,0.6,0.936,20.4,"au",2.48792270531404,1468265356427.76,6.078,4.4816194821113,1.40539601622476,2.59528411594042,-3.09266163288854,26.2576336510283,24.3633439690171,21.897878678174,1429834007640,41.7223304965257,TRUE
"7","australia",2013,TRUE,64,65,53,55,1,9.87,11734.85381,65,64,158,65.5,1,91,9.36,91,0.1,67792.3386,23117353,0.6,0.6,0.933,20.3,"au",2.4498886414254,1577123329410.88,5.663,6.35316102456067,-0.163600551424906,2.60219339436559,-3.25799888383101,25.8800823016892,24.4530730105492,21.9443416287694,1537801711446.54,37.5600008066242,TRUE
"8","australia",2012,TRUE,65,72,62,84,1,10.03,11714.99858,31,21,199,65,1,92,9.36,92,0.1,67677.63477,22728254,0.6,0.6,0.93,20.1,"au",1.76278015613196,1547532281116.4,5.225,5.07761464495177,1.8056989221342,3.91670942454073,-4.44404469042498,26.1190161107402,23.4348034100556,21.0990859163958,1500404222891.8,39.441661369273,TRUE
"9","australia",2011,TRUE,82,68,88,88,1,10.3,10986.26527,58,37,190,64.4,1,92,9.2,92,0.1,62245.129,223424,0.6,0.6,0.927,19.8,"au",3.3038501560874,1398610616772.97,5.083,1.44585192040902,6.20197668065047,2.40708018291988,-3.26400930085158,25.9965923165691,22.7076209026202,20.3225244773041,1342423020459.19,30.0953996273683,TRUE
"10","australia",2010,TRUE,83,72,100,89,1,10.52,8875.786493,24,53,70,63.9,1,92,9.2,92,0.1,51874.848,223175,0.7,0.6,0.927,19.5,"au",2.91834002677376,1148838233480.72,5.214,6.05552716660896,1.15377249328591,2.21998026536549,-4.00506862277956,26.7049854253781,23.2984646429333,20.4779954643102,1104203146194.09,28.6633975352712,TRUE
"11","azerbaijan",2010,FALSE,59,79,85,61,5,1.98,246.5686008,37,27,0,48,6,85,5.33,81,0.1,5842.85784,954332,2.8,2.9,0.737,11.7,"az",5.72687224669605,52909294791.9262,5.63,6.30070170030242,13.5458167908374,5.04894451349574,28.4268313519369,20.8724832214765,46.8289179324149,12.1577769928176,49741091452.7785,6.38557579182856,FALSE
"12","belarus",2014,FALSE,62,77,72,89,0,13.94,1147.1114,31,52,64,61.7,0,97,5.69,97,0.1,8318.429294,9474511,1.9,2,0.796,15.7,"by",18.1195543526734,78812805039.0743,5.902,0.46489041631188,18.1922024446735,1.65112468524535,-6.63305918043161,27.4104920512789,27.9219799575572,12.6977670733069,76448782777.9462,24.5488085208305,FALSE
"13","belarus",2013,FALSE,77,68,100,77,0,14.66,1109.854619,53,35,16,61.1,1,98,6.7,98,0.1,7978.825443,9465997,2,2,0.796,15.7,"by",18.3122610377874,75527558966.4473,5.937,-1.75623802459026,21.263000253545,0.998719278658683,-10.0192566839897,28.2546964798114,28.7220108739005,13.3549628478795,72875339440.6563,23.8372955552391,FALSE
"14","belarus",2012,FALSE,84,79,83,78,0,16.35,91.70962117,60,40,10,6.5,1,98,5.1,98,0.1,694.243915,9464495,2,2.1,0.793,15.6,"by",59.2197360232517,65685890438.8922,5.946,-31.8132103218448,75.2416666493216,1.707852569854,-2.8350076212066,27.6224227639515,29.0395636217814,14.6629750334495,64215516438.9641,24.4293134230567,FALSE
"15","belarus",2011,FALSE,52,72,83,58,0,17.31,846.9113071,45,57,50,59.9,1,98,4.92,98,0.1,6519.71753,9473172,2,2.1,0.787,15.5,"by",53.2286983118173,61762382327.9319,6.022,-33.4890247335404,70.7612909673781,5.5499747229649,-8.18054584289412,25.4492994190304,28.0633696235903,14.5090725642403,61079871266.8078,39.4168108447656,FALSE
"16","belarus",2010,FALSE,82,75,64,84,0,14.44,8.49409518,42,25,1,59.3,1,99,5.55,98,0.1,63.38877,949583,2,2.2,0.78,15.5,"by",7.73574804312508,57231904542.8755,6.045,-1.90734444484849,11.3403098820796,7.75001706649184,-14.4678043936086,30.2074804270194,30.3154229945244,16.321438373621,56069265840.9742,18.905245726907,FALSE
"17","belize",2014,FALSE,68,68,70,54,0,6.58,670.0920883,28,59,0,5.1,0,95,5.79,95,0.2,4852.223666,351694,3.4,3.4,0.705,12.8,"bz",1.20139964481058,2138250000,8.244,9.60055452308312,1.11425408928791,4.03084557750317,-6.35386054940414,19.4393247814802,22.352569182625,19.8624877918859,2000450700,61.0306091429908,FALSE
"18","belize",2013,FALSE,77,81,79,54,0,6.56,629.2018591,70,71,0,49.3,0,95,5.79,95,0.2,4688.538443,344181,3.4,3.4,0.706,12.9,"bz",0.50974776898322,2032750000,8.349,9.46708889782274,1.92028288137456,4.45432600686063,-3.57083937981071,18.8861415860288,21.3904358536123,18.4937251528717,1913514450,61.2077235272414,FALSE
"19","belize",2012,FALSE,79,81,59,69,0,6.66,582.8027185,45,58,0,48.5,0,98,5.45,98,0.1,4673.63848,33671,3.5,3.4,0.702,12.5,"bz",1.30058074547858,1909400000,8.379,11.6129282210648,0.741764529847956,3.73777578617181,-1.7342159764007,18.3977172423274,20.54872777677,18.4367889609301,1789236950,61.3845710694459,FALSE
"20","belize",2011,FALSE,66,72,76,97,0,6.64,605.6286892,75,37,0,47.8,0,95,5.61,95,0.5,4516.24675,329192,3.5,3.4,0.7,12.4,"bz",1.602056156402,1827050000,8.43,8.05091422816737,4.91658876106118,-0.244543781225346,-1.0918621898446,19.953011685504,21.4717350920883,18.3662735009989,1729864700,62.5666511589721,FALSE
"21","belize",2010,FALSE,56,71,52,73,0,6.76,569.9527122,67,33,0,47,0,96,5.85,96,0.2,4344.15177,32168,3.5,3.4,0.7,12.4,"bz",0.917977378808888,1745700000,8.416,11.3789368863389,2.2485368571529,1.11403578740261,-2.61996122117629,19.7578048920204,21.8332781978576,18.8848026579596,1607200762.38903,64.1597353497165,FALSE
"22","bhutan",2014,FALSE,78,55,94,91,0,0.01,209.3921344,63,52,0,23.6,1,98,3.57,99,0.5,2522.7968,776448,15.7,16.2,0.596,12.5,"bt",8.27106093949328,2089079570.67546,2.63,7.85338264053381,5.72222883359687,5.88108549131117,-23.4688052609704,17.0322760391694,18.1881641669409,12.5052991173928,1954089382.70764,84.9990711282336,FALSE
"23","bhutan",2013,FALSE,68,83,67,86,0,0.01,19.79057439,27,33,0,22.7,1,97,3.83,97,0.6,235.882889,764961,15.9,16.5,0.589,12.6,"bt",8.77638345268213,1943696951.76613,2.87,7.41622267629402,6.16413159831512,1.73634039690423,-24.293493246944,18.6357911028925,18.4820508468626,13.3025947419404,1820262695.86424,88.9492144773016,FALSE
"24","bhutan",2012,FALSE,65,83,53,62,0,0.01,188.7373664,75,45,1,21.9,1,97,3.7,97,0.6,2422.816,752967,16.1,16.7,0.581,12.3,"bt",10.919656944683,1973387228.03924,2.05,4.93682331879992,8.63679344825027,5.164820108181,-19.1060720871467,18.8856610723205,19.24478172715,13.5887280693239,1831270593.61742,67.0148156204095,FALSE
"25","bhutan",2011,FALSE,62,81,67,100,0,0.23,289.8524057,55,62,10,21.1,1,95,4.73,95,0.5,2458.45976,7451,16.3,17,0.572,11.9,"bt",8.848985699468,1977728659.25621,3.23,4.70222665602483,8.88020593346201,8.48925846151491,-26.6070201962457,20.1181323714886,18.8323281167266,12.4317424959417,1863823017.18908,57.5496480740985,FALSE
"26","bhutan",2010,FALSE,76,53,75,60,1,0.28,244.0391949,31,51,21,2.3,1,92,5.17,91,0.5,2178.921383,727641,16.6,17.3,0,11.4,"bt",7.03638316073019,1708880730.87271,3.32,5.16003047320512,8.32696239631917,11.9318739003886,-18.9069431386518,20.1367804581225,19.9289922086598,12.1941395903525,1620906892.01776,50.9195301530263,FALSE
"27","bosnia and herzegovina",2014,FALSE,62,57,79,74,0,4.03,732.8662491,25,73,3000,55.3,0,86,9.57,86,0.1,5193.94932,35662,2.4,2.4,0.742,14.2,"ba",-0.897194054194333,18558733564.4692,27.517,5.58529958954557,1.00033721930362,1.15385109200403,-7.35085841133572,39.9462729767212,39.4168546567092,19.777901772831,18710534545.2251,53.5008608706996,FALSE
"28","bosnia and herzegovina",2013,FALSE,84,67,99,96,0,4.12,75.61062911,45,38,0,54.7,0,87,9.46,89,0.1,535.86555,364999,2.4,2.4,0.735,14.2,"ba",-0.0930456838317588,18179108530.5261,27.49,7.27647830344402,-0.224122003175367,2.3498566632458,-5.3258583032982,37.3655580614393,38.4486786204093,19.751544642443,18421211485.5494,49.6097513913455,FALSE
"29","bosnia and herzegovina",2012,FALSE,85,75,81,96,0,4.61,693.8226461,45,69,22,54.2,0,87,9.94,92,0.1,4716.673325,36482,2.5,2.5,0.728,13.9,"ba",2.05267452001717,17226735995.6905,28.01,6.48156475456032,0.795773347301477,-0.821836474216894,-8.62595020271337,39.0326697243166,39.4812765699371,20.4775399413527,17361422536.9693,49.0902635279898,FALSE
"30","bosnia and herzegovina",2011,FALSE,65,70,95,97,0,4.64,7.959131146,38,54,10,53.7,0,89,9.71,88,0.1,55.156834,3688865,2.6,2.5,0.711,13.4,"ba",3.67125,18644233537.1093,27.582,4.8804211518629,2.43252790824482,0.959511247241267,-9.47919944225313,38.1186179452594,38.8356040603384,20.3056652821355,18794204715.634,45.8346942869169,FALSE
"31","botswana",2014,FALSE,58,77,82,59,2,0.01,662.802194,58,27,1,37.3,2,96,5.41,95,2.3,7497.762376,2168573,6.7,6.4,0.697,12.6,"bw",4.40225309243427,15470088500.7414,18.514,-0.551076776805184,9.60400220258751,5.69477738185952,11.0750306448499,29.1324048731669,39.9417118719375,27.0928299660417,14998439776.0137,18.3257336074772,FALSE
"32","botswana",2013,FALSE,64,76,54,80,2,0.01,1.117811275,26,40,1,36.8,2,96,5.84,95,2.8,77.625783,212857,7,6.7,0.693,12.6,"bw",5.88460707056817,14271738933.2042,18.203,8.52647640000744,1.5321209980109,11.1028237779771,4.53073148351166,29.48597480927,40.5085278342788,26.7403906303594,13621161024.7427,19.0163812887175,FALSE
"33","botswana",2012,FALSE,78,84,57,97,2,0.01,12.83447357,37,56,7,36.2,3,96,6.27,95,4.4,729.231453,289315,7.3,7,0.687,12.5,"bw",7.53690261091916,13907464500.1489,17.952,7.75460206016061,3.01184160842378,-0.170900761456892,-5.90199267050561,31.5200789767544,38.6639085967945,28.0365776616041,14164563194.2831,20.6231807851092,FALSE
"34","botswana",2011,FALSE,61,85,77,90,2,5.76,668.9562854,51,19,8,35.7,3,96,5.25,95,5.5,7645.21469,251339,7.7,7.4,0.678,12.4,"bw",8.45987233408583,15110643612.1729,18.054,-1.46761902810706,12.6533215833519,6.83852974803483,-0.87298477500224,29.7867605507382,36.6273712506881,24.0453261607064,15016050301.2986,21.0743622822987,FALSE
"35","botswana",2010,FALSE,78,85,72,84,2,5.99,547.0386679,18,38,853,35.2,3,96,5.64,95,6.2,6346.15624,214866,8,7.8,0.669,12.3,"bw",6.94887658743103,12637273429.1339,17.86,3.50591061310511,7.6830614533247,10.1222091179732,-5.88840225663454,33.5156076335395,36.7014523809306,23.8833642056949,12147261071.9608,21.8862970525722,FALSE
"36","brazil",2014,FALSE,74,74,66,59,44,7.32,83.16465362,55,44,876,55.3,49,96,8.32,93,0.1,1226.61731,24213133,2.7,2.7,0.747,15.2,"br",6.32904015516139,2456043727198.85,6.755,22.403672441435,7.84670974352809,0.503955740242247,-4.4988303801852,32.0693994463665,27.3715145442707,13.4900745188201,2410276964680.96,58.4572711058609,TRUE
"37","brazil",2013,FALSE,79,58,58,58,46,7.24,916.270845,40,57,220,54.5,52,96,8.48,97,0.1,12216.9446,2248632,2.8,2.7,0.734,14.2,"br",6.20431066640101,2472819535742.73,7.071,18.4988444166435,7.50456453292993,3.00482266944432,-3.57422079596048,30.8363376486568,28.6511222344884,14.1253057430265,2438459283730.87,57.228409380258,TRUE
"38","brazil",2012,FALSE,73,60,65,90,49,7.55,843.1946259,25,64,2,53.6,54,96,8.26,95,0.1,12291.46685,256983,2.8,2.8,0.73,14.2,"br",5.40349914036997,2465227803011.57,7.251,26.5820905307869,7.9431269413538,1.92117598576537,-3.75941611656142,30.7940989613241,29.6660502664772,14.332411090207,2403719409196.5,59.8494899958247,TRUE
"39","brazil",2011,FALSE,54,71,89,57,51,7.58,1084.999766,61,19,43,52.8,57,98,8.9,99,0.1,13167.47289,198686688,2.9,2.8,0.724,14,"br",6.6364496221309,2616156223977.47,7.578,32.8334595068102,8.3185922188201,3.97442307944702,-3.19461831898174,31.3064734506666,29.1008030572235,14.8512987831907,2548928943603.92,59.3416583014604,TRUE
"40","brazil",2010,FALSE,50,65,87,63,54,7.52,1111.191325,71,51,68,52,61,99,8.27,99,0.1,11224.1548,196796269,2.9,2.9,0.716,13.8,"br",5.03872690108075,2208837745214.23,8.422,29.1158055214655,8.42333833667878,7.52822581815364,-3.92594604434557,30.7014530840445,28.9964370674468,14.2495759565686,2140606260704.28,61.3187804611479,TRUE
"41","bulgaria",2014,TRUE,81,68,61,67,1,12.03,153.1400362,61,32,0,65.1,1,88,8.44,88,0.1,7853.335191,7223938,1.9,1.9,0.787,14.8,"bg",-1.4181838026484,57157782909.9307,11.424,6.83027957403434,1.34078287386647,0.949448985090484,2.18953559128089,37.9434073102519,33.3619385953896,19.5666207727537,56529038853.4167,32.502485392112,FALSE
"42","bulgaria",2013,TRUE,67,75,100,53,1,12.06,149.659879,58,69,14,64.5,1,95,7.93,95,0.1,7674.86559,7265115,1.9,1.9,0.781,14.4,"bg",0.890093540913002,55852123989.9504,12.941,8.965006039723,0.0719518095394278,-0.542751603030155,1.2150656976306,32.9223988647865,32.5085559053269,19.6862822353302,54615902084.6065,22.0539393235951,FALSE
"43","bulgaria",2012,TRUE,62,74,63,68,1,10.99,851.450672,40,33,1,63.9,1,95,7.11,95,0.1,7378.25539,735888,1.9,1.9,0.778,14.3,"bg",2.95456829831022,54288135058.7926,12.27,8.50741184532138,1.11217885256747,0.748814896796574,-0.973730262473593,30.9132693281019,30.577245009089,18.3853352646645,53568146883.006,21.7962168477584,FALSE
"44","bulgaria",2011,TRUE,57,63,51,63,1,10.67,875.1495189,25,21,157,63.3,1,95,6.88,95,0.1,7813.83499,7348328,2,2,0.775,14.2,"bg",4.21990346601873,57737040780.0157,11.26,4.25643907358051,6.11283035981589,2.09017527015538,0.47195006241871,29.8496236412362,29.124458209097,17.8827151475731,55929518183.7592,19.4817178682192,FALSE
"45","bulgaria",2010,TRUE,54,67,92,76,1,10.8,766.4454884,64,25,22004,62.7,1,94,7.24,94,0.1,6843.263289,7395599,2,2,0.77,13.9,"bg",2.43899060504113,50760929302.5147,10.279,10.3015197969987,0.764129878916592,1.55535963462032,-1.9003198193068,31.6315388880341,29.8260330124885,17.8714315570459,49698376601.3692,20.5891365271305,FALSE
"46","canada",2014,FALSE,54,59,78,82,2,8.1,102.1902168,32,29,418,66.4,2,91,1.45,91,0.1,544.43376,35544564,0.5,0.5,0.912,15.9,"ca",1.90663590717861,1805749878439.94,7.023,1.03863897338225,1.94119897748668,2.87346677184995,-2.31892137730875,16.4020498301416,16.9792224861735,11.8083790792206,1776572160702.32,51.4827081297932,TRUE
"47","canada",2013,FALSE,58,71,52,84,2,8.2,9733.228019,69,27,83,65.8,2,91,1.67,91,0.1,52413.72116,35155451,0.5,0.5,0.909,15.9,"ca",0.938291897815317,1846597421834.98,7.143,1.23771669066581,1.74073790573416,2.32581357393478,-3.14687545091254,17.0848821579089,16.9526176646696,11.6235045990299,1818471075757.13,53.200869076551,TRUE
"48","canada",2012,FALSE,61,54,93,66,2,8.3,9748.636237,56,36,10,65.3,2,99,1.78,95,0.1,52496.69487,3475545,0.5,0.5,0.907,15.9,"ca",1.51567823124517,1828366481521.6,7.392,1.76011033894486,1.21844370738719,1.75566132540601,-3.53224767688727,17.5175199279774,16.9203236637378,11.6644273631038,1795919869603.49,55.7251649377054,TRUE
"49","canada",2011,FALSE,50,61,56,76,2,8.2,971.9280384,27,48,803,64.7,2,87,1.82,87,0.1,5282.2176,3434278,0.5,0.5,0.903,15.9,"ca",2.91213508872351,1793326630174.52,7.637,-0.236773175941093,3.24445517550211,3.13719438973661,-2.77400602599856,17.8502680006291,16.9254981361992,11.8039212812623,1759453773319.65,54.1193858391726,TRUE
"50","canada",2010,FALSE,56,76,50,71,2,8.4,8649.674911,34,74,99,64.1,2,88,11.2,89,0.1,47447.4762,345274,0.5,0.4,0.898,15.9,"ca",1.77687154092627,1617343367486.26,8.178,-0.237699890817205,2.84863776634425,3.09080637403602,-3.59618567149688,19.0847071449408,16.8961721345029,11.7328092981826,1585379875651.19,53.1497329605545,TRUE
"51","colombia",2014,FALSE,80,65,96,73,11,4.38,1435.487755,52,71,0,57.2,12,9,7.2,9,0.1,7913.383432,47791911,2.1,1.9,0.72,13.6,"co",2.89883787761738,381240864422.407,8.799,8.44294935194344,2.2356323764315,4.49903000110972,-5.19843119341792,30.1625917691368,23.4469943054822,15.6997483720014,370407849663.061,47.9761695160459,TRUE
"52","colombia",2013,FALSE,52,81,73,53,11,4.41,15.16255482,30,20,1,56.4,13,91,6.84,91,0.1,83.5863,47342981,2.1,1.9,0.712,13.3,"co",2.01699224310383,382093697077.685,9.246,8.90797441037777,1.90767643221162,5.13399351995672,-3.23615067105022,33.2851931387088,24.4985703542816,14.0221143464507,368881076786.015,67.1029119456429,TRUE
"53","colombia",2012,FALSE,83,64,61,71,11,4.44,1487.896562,59,61,1,55.7,13,91,6.93,91,0.1,7884.984429,46881475,2.1,1.9,0.707,13.2,"co",3.16930188840055,370691143018.039,9.959,8.65535095377731,3.61665506268449,3.91263576716115,-3.14008013112594,25.0329863002189,26.3354797473995,13.2269907142761,356514927997.962,65.227695883164,TRUE
"54","colombia",2011,FALSE,58,83,62,58,12,4.37,184.3073618,58,70,6,55,14,85,6.64,85,0.1,7227.73968,4646646,2.2,2,0.7,13,"co",3.4150334477625,334966134804.887,10.288,4.54296484242238,6.38680337285258,6.94789198173555,-2.90611447190462,24.2247402762094,23.4920085360318,14.5758811869672,320761717459.121,62.8601328222053,FALSE
"55","colombia",2010,FALSE,61,52,53,51,12,4.28,113.2436346,29,69,0,54.2,15,88,6.76,88,0.1,625.65544,4591897,2.2,2,0.695,12.8,"co",2.27200227892008,286498534094.963,11.153,5.3722240266131,3.80486029146383,4.49465897070922,-2.99583091222973,25.4043842590891,21.5744254310186,12.1421652023674,276539068640.164,72.4526699261111,FALSE
"56","croatia",2014,TRUE,78,50,88,84,0,12.14,1884.098811,49,70,0,63.1,0,95,7.8,95,0.1,13467.46827,4238389,1.5,1.5,0.82,15.1,"hr",-0.215196159576268,59612144078.4133,17.29,8.44277161510625,0.126544520072585,-0.5571501973061,0.393612117446996,42.1284735209224,36.531861434829,20.3809990230477,58743509682.7676,93.129209627066,FALSE
"57","croatia",2013,TRUE,62,50,91,50,0,12.39,1899.107385,58,71,0,62.5,0,96,7.83,96,0.1,13574.749,4255689,1.5,1.5,0.817,14.9,"hr",2.21658206429779,59852401272.3204,17.251,8.45183524140435,0.73288886582057,-0.125449826211494,-0.858964118871847,40.2770017829429,35.2230993483608,20.596871380544,58734779236.475,87.1295087439968,FALSE
"58","croatia",2012,TRUE,70,74,65,86,0,11.49,1851.713262,68,46,2,61.9,0,96,7.8,96,0.1,13235.97757,4267558,1.5,1.5,0.815,14.6,"hr",3.41207349081358,57551963753.2104,15.935,7.95706676811321,1.41145606381943,-2.25374558078583,-0.361322793991159,40.2275034908042,34.7181189913422,20.1280057346355,55633820700.9614,76.3261475703115,FALSE
"59","croatia",2011,TRUE,59,64,83,68,0,12.19,1913.356642,38,30,12,61.3,0,96,7.8,96,0.1,14539.18421,428622,1.6,1.5,0.808,14.5,"hr",2.2727272727273,62903737379.7834,13.678,7.88322341632649,1.66934505042573,-0.0977514527446601,-1.66224275963358,42.0175237781233,34.4717407982143,19.6439220715243,60863146670.8241,71.916981259806,FALSE
"60","croatia",2010,TRUE,54,59,78,95,0,12.1,206.8868182,32,50,7,6.6,0,97,8.25,97,0.1,1355.74586,4417781,1.6,1.6,0.803,14.2,"hr",1.03055505333574,58981738868.753,11.62,9.3703358251639,0.920113149429753,-1.33408152400571,-2.51814375609402,41.1447376444262,34.6906214868376,20.2786868701383,56943854316.0842,65.3425081443405,FALSE
"61","georgia",2014,FALSE,84,51,57,76,1,6.13,221.482875,42,43,3188,55.3,1,91,7.42,91,0.1,4429.6575,3727,2.7,2.8,0.759,13.5,"ge",3.06881210379543,17966015109.3043,17.439,6.99857918583662,4.58990448370156,4.09049059581743,-9.93087844279949,26.2373116449152,25.4539436353319,22.0531492339701,17737747151.643,30.3921568627451,FALSE
"62","georgia",2013,FALSE,75,54,93,96,1,5.91,180.3787034,62,57,7872,54.4,1,94,7.25,93,0.1,4274.376857,3776,2.7,2.8,0.755,13.5,"ge",-0.512058410947092,17517660143.6859,19.416,14.33919979516,-0.650965016455302,5.13288531209382,-5.45445307967913,24.601894433386,25.4626261239618,22.0625986684055,17200885802.7475,28.9477658041046,FALSE
"63","georgia",2012,FALSE,51,68,83,86,1,7.71,158.2576025,29,30,31,53.6,1,93,8.57,92,0.1,4142.869175,3825,2.6,2.8,0.749,13.4,"ge",-0.943658853270964,16894392033.2256,19.653,14.4751367835711,0.291166471422628,6.57883101954195,-11.1441786727056,24.2728608810983,24.6087392909632,23.0885041402301,16722078802.949,28.1048141377209,FALSE
"64","georgia",2011,FALSE,53,69,94,52,1,8.14,198.94876,33,28,64,52.8,1,88,9.38,94,0.1,3725.63221,3875,2.6,2.8,0.742,13.3,"ge",8.5429333333333,15475290469.2869,19.632,5.33421645154787,9.17171128297396,7.9343365253078,-11.9098234516365,23.1399670485459,23.9016820567838,22.6614046515192,15049331839.1101,27.6972297789187,FALSE
"65","georgia",2010,FALSE,72,67,53,59,1,7.24,194.1732658,22,66,22,52,1,88,1.5,92,0.1,2964.47734,3926,2.6,2.8,0.738,13.3,"ge",7.11017897486099,12426907967.1578,20.203,-0.0524161381825589,15.9058283591544,6.24640865303363,-9.6468391223966,25.0571131879543,22.7256309539934,21.1106596234593,12209869879.0692,31.4208316402546,FALSE
"66","guatemala",2013,FALSE,78,71,82,78,11,1.93,582.1469583,35,25,0,49.3,13,84,6.3,85,0.4,3452.828934,15596214,1.2,1.2,0.611,10.7,"gt",4.34337131279521,52996446269.442,3.017,9.90635406784334,3.35844634594847,3.69481919881751,-4.22439861083835,13.0330962185914,11.67480802316,11.1022938902238,51760446244.4955,25.2099495623048,FALSE
"67","guatemala",2012,FALSE,64,83,63,60,11,2.02,484.7187892,31,73,0,48.6,13,94,6.33,96,0.4,3299.65139,1527156,1.2,1.2,0.616,10.6,"gt",3.78180754679678,49593929487.1263,2.765,9.77861845512881,3.37775084412593,2.97470856847661,-3.72480170275582,13.1714004750496,11.6536287653464,11.0095522578867,48568929273.3039,24.7007424112068,FALSE
"68","guatemala",2011,FALSE,73,69,63,83,11,2.16,457.7745845,34,21,0,47.9,14,88,6.28,88,0.4,3187.845296,14948919,1.2,1.2,0.609,10.5,"gt",6.21412393067091,46876006272.2387,3.172,6.11382983166567,6.89464340316468,4.16390688293349,-3.37024214653633,12.7453111287762,11.5886315232722,11.0178435431948,45572706218.2146,24.5639597782709,FALSE
"69","guatemala",2010,FALSE,52,59,64,72,12,2.14,443.3248254,20,53,0,47.2,14,94,6.64,94,0.4,2825.5247,1463417,1.3,1.3,0.602,10.5,"gt",3.85950909833175,40676578423.4871,3.497,7.80319865201804,5.13757298846622,2.88417542800377,-1.88548550474234,12.8578109221043,11.2508952061192,10.6050218415249,39642878334.4674,24.8169594138567,FALSE
"70","hungary",2014,TRUE,76,79,92,90,0,0.01,160.9449342,63,34,0,64.2,0,99,7.4,99,0.1,14117.97668,9866468,1.7,1.6,0.834,15.8,"hu",-0.227566270988219,141033843265.669,7.725,0.727927850740095,3.6927260947232,4.23220980614269,0.747980298522413,45.0215129127658,40.0613114179011,23.0184223257961,134668476150.214,98.6713309160176,FALSE
"71","hungary",2013,TRUE,76,52,65,58,0,10.88,155.1952076,22,24,1,63.6,1,99,7.53,99,0.1,13613.6147,989382,1.7,1.7,0.824,15.4,"hu",1.73319984983101,135684315697.713,10.177,3.38782575776228,2.82053189026186,1.80252210082266,2.99024715804561,46.9322911976887,40.1442967183969,22.8679862346687,131737629361.407,94.7331902055697,FALSE
"72","hungary",2012,TRUE,64,68,71,85,0,11.27,164.2793407,29,31,2,63,1,99,7.74,99,0.1,12834.32349,992362,1.7,1.7,0.823,15.4,"hu",5.65214517088646,128814279315.132,11.003,5.93703845906845,2.89276167816158,-1.25022602347063,1.07616343983467,44.5997295340966,40.3400277777098,22.8677979866006,123360599722.351,94.1475132059307,FALSE
"73","hungary",2011,TRUE,81,65,88,92,0,11.51,17.82121883,62,45,5,62.4,1,99,7.84,99,0.1,1448.87958,9971727,1.7,1.7,0.821,15.4,"hu",3.9299209893507,141942264554.475,11.029,6.27071635883203,1.92872070289376,1.86683747544298,0.428149463526032,44.981831721564,37.2771732430796,21.0415078006666,135068573275.969,90.562544900341,FALSE
"74","hungary",2010,TRUE,53,61,65,77,0,10.78,19.22023996,68,44,0,61.7,1,99,7.85,99,0.1,1325.53379,123,1.8,1.8,0.817,15.3,"hu",4.85555795691956,132175349953.713,11.172,4.92951131347553,2.53257045300049,1.0762540427767,-0.187824310820443,43.5272422036192,37.9764951131874,22.5876259541854,125954223289.104,81.2817151464614,FALSE
"75","iceland",2014,TRUE,69,73,88,90,0,7.45,8254.020763,22,46,0,6.6,0,9,8.86,9,0.1,52473.11356,327386,1,0.9,0.915,19,"is",2.04461481539333,17867662177.8911,4.897,3.45764445652863,4.14165194460018,1.68721501750642,4.34644886292108,34.3342435576371,35.2037215743936,24.4919599819558,17641035407.3781,135.796521914069,FALSE
"76","iceland",2013,TRUE,84,80,98,90,0,7.31,764.5440691,51,28,0,6.2,0,91,8.75,91,0.1,4781.3888,323764,1,0.9,0.907,19,"is",3.87227923748249,16125060515.3117,5.376,5.90173989477714,2.12454183861854,4.55246032015107,6.26157055695868,34.6598035258339,33.6452202318661,21.6567855014887,16010321394.1878,140.954580207259,FALSE
"77","iceland",2012,TRUE,71,55,61,79,0,7.81,6818.546407,26,38,0,59.7,0,89,8.68,89,0.1,44333.8518,32716,1,0.9,0.901,18.7,"is",5.18589988750698,14751508133.5443,6,4.72101402970896,3.44088030034162,1.06363660743763,-3.5156011396135,37.0690714217926,34.1091154935637,21.503307076745,13461900235.8385,152.739624546059,FALSE
"78","iceland",2011,TRUE,78,61,52,58,0,8.13,7.0480925,20,72,0,59.3,0,95,8.65,95,0.1,46.217,31914,0.9,0.9,0.894,18.6,"is",4.0010266434312,15221622925.9319,7.028,4.46319256484599,3.09666958205543,1.84577915624217,-4.70354106391418,38.4544582354193,33.1369310007771,20.5821774257347,13450225651.4506,156.915918249342,FALSE
"79","iceland",2010,TRUE,84,68,95,65,0,8.25,6005.575763,37,49,0,58.9,0,96,8.86,96,0.1,41676.44527,31841,0.9,0.9,0.894,18.4,"is",5.39673113167477,13751161917.7398,7.564,3.6553690935997,6.36885446534224,-2.83277491540855,-6.14491097728025,37.9621517564777,31.8572856059815,20.2264379933079,11655447395.2346,150.633812484101,FALSE
"80","india",2014,FALSE,58,53,92,90,957,3.07,86.52153895,54,39,79563,18.1,1200,84,4.69,85,0.2,1573.11889,1293859294,26.8,27.4,0.607,11.6,"in",6.66565671867899,2039126479154.52,7.674,6.69517609043592,3.33175691706154,7.41022760508854,-1.33950896483453,14.803137644208,11.550620644555,9.98465419071312,2015014420953,49.9009248748319,TRUE
"81","india",2013,FALSE,52,77,76,62,1000,3.11,67.67230438,25,25,13822,17.5,1300,82,4.53,83,0.2,1452.195373,127856227,26.8,27.5,0.599,11.5,"in",10.0178784746102,1856721507621.58,7.711,3.86599286270871,6.18650400083453,6.38610640094825,-2.64566711733893,16.6386825486965,12.6089934124693,11.0016256942917,1833600950822.72,50.3118273627008,TRUE
"82","india",2012,FALSE,81,52,72,71,1100,3.1,64.96964491,19,29,18668,17,1400,79,4.39,82,0.2,1446.98541,126365852,26.9,27.6,0.59,11.3,"in",9.47899691419801,1827637590410.41,7.666,2.47352048880901,7.9343874779296,5.45638755166587,-5.00488971805304,16.166712404362,12.599872776486,10.8367717209692,1806177396650.21,50.6780305618952,TRUE
"83","india",2011,FALSE,83,82,69,66,1100,3,64.6059005,26,68,33634,16.4,1500,79,4.33,82,0.2,1461.671957,124723629,26.9,27.7,0.58,10.8,"in",8.91179336483371,1823051829894.55,7.616,1.31798086194015,8.73357890618065,5.24131619937695,-3.42928468606061,14.4898394030493,11.4959960090891,10.1773871997608,1807020595447.34,51.5565536600977,TRUE
"84","india",2010,FALSE,79,69,78,75,1200,2.77,57.73359864,48,23,31458,15.9,1600,76,4.28,79,0.2,1345.77153,12398691,27,27.8,0.569,10.4,"in",11.9893899204244,1675615519484.96,7.652,-1.98385922139866,10.5260308551661,8.49758470221235,-3.25348368945179,16.5051359514049,13.1835965373763,10.3880397905312,1657660502177.3,51.5919103003897,TRUE
"85","jamaica",2014,FALSE,64,82,90,67,1,3.83,427.3054534,70,57,0,53.5,1,93,5.36,92,0.5,4855.743789,286287,1.8,1.7,0.727,12.8,"jm",8.27407886231419,13899217721.6818,9.046,9.62037590824989,6.92994589148002,0.689822357374339,-8.01738724810733,25.6804618517507,26.7018053518149,24.0532304305783,13600817721.6819,132.413890497651,FALSE
"86","jamaica",2013,FALSE,59,56,61,52,1,3.79,5.457289334,57,28,0,52.7,1,86,5.91,93,0.6,56.144952,285187,1.8,1.7,0.727,12.8,"jm",9.34150076569673,14264205152.6126,9.698,8.5786763223903,8.41581565660749,0.5176860128024,-9.51223858387756,25.0159858498313,27.7201651561805,24.0092921973108,13930605100.5079,135.885094993632,FALSE
"87","jamaica",2012,FALSE,62,57,51,54,1,3.65,37.17108782,33,26,0,52,1,96,5.66,96,0.5,521.33363,284992,1.8,1.7,0.725,12.8,"jm",6.87397708674309,14807086555.5283,8.695,10.3745623903729,6.57190361388207,-0.613636039869121,-9.72634702774029,27.5103722033504,26.2286682812297,24.3328930313007,14607486110.2225,137.934669887058,FALSE
"88","jamaica",2011,FALSE,84,61,74,52,1,3.58,33.17529686,63,36,1,51.2,1,93,5.21,92,0.6,513.549487,2829493,1.8,1.7,0.722,12.8,"jm",7.555856465809,14444661522.1463,8.034,12.9618004384749,5.79618847204975,1.73037626746921,-14.283409237551,28.2010759070268,25.9651231873402,23.364368298024,13926261521.2056,133.978459775192,FALSE
"89","jamaica",2010,FALSE,64,70,92,57,1,3.55,396.6270975,70,18,0,5.5,1,94,5.3,94,0.5,4682.728424,281721,1.8,1.7,0.721,12.7,"jm",12.6105519975603,13220549908.2494,7.63,9.69328443234426,9.81023516820396,-1.45714720947502,-7.06479945013375,28.901745665482,27.4155610153779,24.2781717265526,12725932639.2705,136.224334891016,FALSE
"90","jordan",2014,FALSE,50,69,63,73,4,0.41,63.8784522,68,59,20,64.8,4,98,7.45,98,0.1,466.94775,88936,3.9,3.9,0.737,13.1,"jo",2.89947905006057,36847643521.1268,11.9,5.36000685759248,3.44532356315609,3.38407809933472,-7.07786962691051,27.4877592741813,23.0530536841064,15.4316440340028,36430961830.9859,77.7139917549107,FALSE
"91","jordan",2013,FALSE,76,68,55,84,4,0.4,546.6235156,74,35,120,64,4,98,7.23,98,0.1,3992.86717,8413464,3.9,3.9,0.737,13.1,"jo",4.82462314269537,34454440140.8451,12.6,2.70046942578587,6.1436238894444,2.60994737548631,-10.1695840827968,26.2399999345942,20.9286380534572,14.9305149962785,34115848591.5493,73.723812248079,FALSE
"92","jordan",2012,FALSE,74,85,89,92,4,0.41,67.70171064,62,37,3,63.2,4,98,8,98,0.1,387.753211,7992573,3.9,3.9,0.735,12.9,"jo",4.5152295667099,31634561690.1408,12.2,3.99019709985347,4.60681522593885,2.42935800100238,-14.8926903748186,28.8746412441361,21.0457996671033,14.9212805170996,31246533521.1268,65.3506139398579,FALSE
"93","jordan",2011,FALSE,81,56,97,57,4,0.43,68.86623298,49,74,0,62.4,4,98,8.39,98,0.1,387.324145,7574943,3.8,3.9,0.737,13.1,"jo",4.1624416292779,29524149154.9296,12.9,2.64640624425561,5.91051095801734,2.73717988632104,-10.0122011601875,28.8477144890018,20.0308690724264,14.6082372225069,29259642112.6761,60.4217719904335,FALSE
"94","jordan",2010,FALSE,71,55,91,63,4,0.51,715.9709092,51,40,0,61.7,4,98,8.42,98,0.1,3679.19275,718239,3.8,3.8,0.739,13.2,"jo",4.84551875852116,27133804225.3521,12.5,0.87595563748754,8.07745609713074,2.31483422063046,-6.93580742997941,26.2403308465959,22.1173100380322,15.4990908124012,26919156338.0282,59.7710843617397,FALSE
"95","lesotho",2014,FALSE,82,84,68,73,4,0.01,162.1278115,71,27,0,32,6,9,1.62,93,9.4,1174.839214,2145785,5.8,5.6,0.491,10.8,"ls",5.37028961008587,2441063054.05792,16.104,-3.24084954531814,14.0351521545479,1.71054990545476,-8.42016664486882,38.3219218166396,42.0285705734308,36.3284327192766,2719632972.79486,33.0174927862044,FALSE
"96","lesotho",2013,FALSE,83,70,77,99,4,0.01,153.3443147,35,62,516,31.4,6,9,11.7,93,9.6,1196.1335,2117361,6.1,5.9,0.484,11.1,"ls",4.86511899496385,2367112931.642,15.97,-0.326347464909588,10.2798956437383,1.79252555575545,-10.7579867652524,42.7084395082867,42.3694860915918,35.9075271908447,2718881337.31294,33.208634984126,FALSE
"97","lesotho",2012,FALSE,57,50,99,88,4,0.01,168.1348992,20,42,179,3.8,6,93,11.14,95,9,1281.516,289928,6.4,6.2,0.479,11,"ls",6.05143662139967,2477702216.26888,15.813,7.76762533451624,2.18204801752952,6.33408374679448,-18.765252030753,40.0545811100607,43.766329167757,38.0837569930604,2892666013.15149,32.1837873350535,FALSE
"98","lesotho",2011,FALSE,76,60,62,79,4,2.39,195.825251,58,71,172,3.2,6,95,11.79,96,10.5,1352.38433,264166,6.8,6.6,0.469,11,"ls",5.0366305210156,2579409619.96722,16.157,0.916378131096899,9.42640700324388,4.61641394528752,-11.8566683946226,40.7961669316991,37.1898688094273,30.2137479343975,3089102150.16736,27.1308905908949,FALSE
"99","lesotho",2010,FALSE,74,79,57,67,4,2.71,154.8705998,30,54,2488,29.7,6,92,1.87,93,13.4,1173.26212,24551,7.2,7,0.464,10.9,"ls",-2.40524254598706,2234754241.91918,16.113,5.58719510638191,5.33711013720971,5.26967078056286,-11.0020417569816,42.5411688089885,41.306159255742,30.2987604301988,2872100467.22588,29.563599276758,FALSE
"100","malawi",2014,FALSE,55,50,83,81,27,0.01,59.48744893,25,32,3,19.2,40,87,11.38,91,5.1,354.7253961,1768838,6.5,6.3,0.466,10.7,"mw",23.7920649469687,8801326169.14547,4.967,19.2778710214511,20.9692813073299,5.6252699997921,-12.8223513014995,14.0654400013646,11.7964542832246,10.9491092554382,8640515834.70583,27.9207565041985,FALSE
"101","malawi",2013,FALSE,52,64,86,51,29,0.01,55.83107625,57,43,1,18.8,42,89,1.96,89,6.3,332.922339,16577147,6.5,6.4,0.459,10.7,"mw",27.2833333333334,8031571927.62055,4.978,14.9275379057296,27.0462909961503,5.41034999949837,-15.3915920767632,12.992188528166,10.1007501918162,9.7087435618013,7872142936.48892,24.9138891722583,FALSE
"102","malawi",2012,FALSE,74,58,51,99,31,0.01,82.76865922,55,73,11,18.4,46,95,12.6,96,8.3,374.51882,169735,6.6,6.5,0.454,10.7,"mw",21.2712650013779,8773203178.16512,4.952,12.4873563820682,17.639764474193,1.90000000072142,-8.48798044395288,11.8715643730145,9.82244916034164,9.31571514240387,8638482884.79603,28.4619929057621,FALSE
"103","malawi",2011,FALSE,64,82,80,54,32,1.23,13.77617463,67,72,26,18,50,97,11.67,97,11.2,512.125451,15627618,6.7,6.6,0.444,10.6,"mw",7.6228226284852,11648142958.3651,4.842,8.56192815315002,13.9902377428521,4.93266999845892,-9.75872117783752,12.526089145286,11.4006485954383,10.6177069783918,11532861683.3477,18.8455448350087,FALSE
"104","malawi",2010,FALSE,64,75,51,50,35,1.08,9.728005297,28,65,118712,17.6,54,86,1.5,93,13.7,458.8681744,1516795,6.8,6.7,0.43,10.2,"mw",7.41159092883827,10128323010.6049,4.798,11.1460693566832,12.1272220613228,6.87406585401587,-9.57007930375057,12.6994361476594,11.6734090885258,10.5634650209755,10021166893.8185,19.2608300381554,FALSE
"105","malaysia",2014,FALSE,76,54,88,94,4,0.52,721.3655432,32,40,221,39.5,4,97,4.17,97,0.1,11183.96191,322817,7.6,7.4,0.783,13,"my",3.14299050879095,338066095097.254,2.88,2.06851821643173,2.46746678366378,6.00672194558203,4.39159166153878,19.6835443850248,19.9400646937981,14.8407907140268,326875882255.886,52.6758487332831,FALSE
"106","malaysia",2013,FALSE,79,80,77,64,3,0.53,110.6779711,68,38,195,38.5,4,97,4.2,97,0.1,1882.27842,2976724,7.8,7.6,0.779,12.9,"my",2.10501231233612,323276235524.415,3.16,4.46753081745693,0.17447448132144,4.69372252557893,3.46614353655814,20.6021204303102,20.9471104854243,15.310235280489,312493632789.776,52.9992519246741,FALSE
"107","malaysia",2012,FALSE,58,66,98,67,3,0.53,101.609245,69,18,1868,37.4,4,97,4.1,97,0.1,1779.49641,2917456,7.9,7.7,0.776,12.9,"my",1.66357102479206,314443047642.111,3.1,3.7484193736755,0.999932303470885,5.47345419253853,5.18877994987762,20.9798770041143,21.4065968461326,15.613146742555,302839192295.004,51.6464316160996,FALSE
"108","malaysia",2011,FALSE,85,73,94,93,3,0.51,9.23002632,64,56,1569,36.3,4,96,3.89,96,0.1,145.1262,28635128,8,7.8,0.774,13,"my",3.1744709215131,297951668674.835,3.05,-0.471868633960644,5.41240809007968,5.29391283414003,10.905001967915,19.7347795900774,20.3369846215943,14.794353171378,290892852065.831,50.0286816425423,FALSE
"109","malaysia",2010,FALSE,83,73,93,51,3,0.49,65.56659662,32,50,73,35.3,4,96,3.99,96,0.1,971.356987,28112289,8.2,8,0.764,12.8,"my",1.62285235577035,255017638455.59,3.39,-2.11327732642702,7.26684593389439,7.42484738326097,10.0556778509323,18.2319253890148,19.4358718043738,13.3321953103767,246905159655.731,49.5598230655171,FALSE
"110","maldives",2011,FALSE,80,75,72,87,0,1.92,1079.893546,55,49,0,23.1,0,96,8.11,96,0.1,6497.55443,377,13.9,14,0.663,11.8,"mv",11.2734146055937,2774350240.04918,10.06,-2.15892928208514,12.628798047821,8.57269912813135,-13.8208553363039,22.4031116061657,21.3217769356971,12.0781339785612,2479686376.01075,57.2981206101706,FALSE
"111","maldives",2010,FALSE,79,58,90,85,0,1.83,91.13971812,51,47,0,22.1,0,97,7.93,96,0.1,633.79498,367,14,14.1,0.653,11.6,"mv",6.14988536750173,2588176054.6875,10.881,6.85478089219826,3.29537815566177,6.83547135623688,-7.57604640472633,25.4405148099364,19.1468693407657,8.84762793030511,2276923140.625,54.8854181471638,FALSE
"112","mauritius",2012,FALSE,67,64,84,50,0,0.01,915.1859205,27,45,0,31.8,0,98,4.76,98,0.1,9291.227619,1255882,7.1,7,0.756,14.3,"mu",3.85216033315983,11668696396.7887,7.472,6.05193132211093,2.46552355243207,3.49611836470866,-7.09172688122855,20.3563158074857,22.5701566260937,18.6217074867957,12083538713.4471,36.5088808021811,FALSE
"113","mauritius",2011,FALSE,60,82,87,66,0,3.03,918.807245,54,19,2,31.3,0,98,5.2,98,0.1,9197.26972,125244,7.1,7.1,0.748,14.1,"mu",6.52249254869342,11518413429.9684,7.447,5.57883017241309,3.1614637980008,4.07753806610333,-13.5461288550227,20.4000036292481,21.9154566652654,18.0045184138976,11299782797.643,35.5204190571818,FALSE
"114","mauritius",2010,FALSE,58,72,79,95,0,2.95,0.108055973,31,41,12,3.7,0,99,5.29,99,0.2,8.376432,1254,7.2,7.2,0.74,14,"mu",2.93236301369854,10003670690.3497,7.654,7.66227180047388,1.12641892024499,4.37720322344293,-10.0540447638357,22.0184311446078,22.1122234597687,18.0167133723215,10003670690.3497,36.7873761596586,FALSE
"115","papua new guinea",2014,FALSE,84,82,98,82,10,0.01,208.2311603,62,28,2299,47.9,13,64,4.26,73,0.7,2182.716565,7755785,1.3,1.3,0.511,10,"pg",5.22211720226841,23210823987.308,2.536,3.73533580456129,5.43739265412782,13.5437706216546,12.1393177239905,21.7511493892941,19.2671991455953,17.9099621510466,22809098942.2622,26.8946120001805,FALSE
"116","peru",2014,FALSE,62,63,60,52,8,0.01,973.728675,18,51,0,54.9,10,78,5.47,88,0.1,6491.5245,3973354,1.1,1.1,0.735,13.4,"pe",3.41194579807465,200786250582.943,3.208,12.994785090205,2.43244108501779,2.38215737180541,-4.2824745585632,20.5114219115948,21.8296907288523,16.7209266785318,191695514405.553,19.56538960172,FALSE
"117","peru",2013,FALSE,70,77,54,54,8,5.38,946.6521165,39,56,0,54.2,11,71,5.23,88,0.1,6583.116248,3565716,1.1,1.1,0.731,13.4,"pe",2.76789666082002,201175543571.392,3.575,16.903308069059,1.05723435149577,5.85251821084928,-4.7657988022505,18.9583513319003,21.5492040891251,16.4330066930272,190810241241.438,18.3944203835345,FALSE
"118","peru",2012,FALSE,68,54,79,51,9,5.14,885.9858185,23,37,0,53.6,11,94,5.18,95,0.1,6387.785281,3158966,1.1,1.1,0.725,13.4,"pe",3.61121294940163,192650021648.583,3.238,17.8200224863401,1.20258494022738,6.13972470560435,-2.79147705040979,17.9177884982323,21.5132965845721,16.5466871027669,180517336685.894,19.2166594587652,FALSE
"119","peru",2011,FALSE,80,62,50,77,9,4.83,759.5380695,24,63,0,52.9,12,91,4.93,91,0.2,5771.565878,29759989,1.1,1.1,0.721,13.4,"pe",3.36931095333853,171761737046.585,3.477,11.1780878633624,6.7457871247569,6.32719240161117,-1.96422212136988,17.6278849212839,20.8025617676613,15.9688951452089,159083185069.533,20.7202165724133,FALSE
"120","peru",2010,FALSE,71,60,66,91,10,4.72,69.43934508,56,40,0,52.2,12,92,5.3,93,0.2,522.493191,29373646,1.1,1.1,0.708,13.3,"pe",1.52832059732901,147527631520.729,3.6,12.5494733748355,5.71072859407522,8.33245910749577,-2.41611244249563,17.8223398948007,20.286038761212,15.4665717570431,136691650811.911,23.6817913396941,FALSE
"121","philippines",2014,FALSE,58,78,95,96,54,4.52,31.27232188,67,52,58848,24.8,68,77,4.71,67,0.1,2842.938353,112249,1,9.7,0.676,11.7,"ph",3.59782343864211,297483555344.802,3.6,2.39960023627699,3.05305530800513,6.34798748029741,3.61563913350118,12.8216477695435,14.4354568986788,13.0155171794537,331766346480.069,43.4263389404755,FALSE
"122","philippines",2013,FALSE,77,59,56,67,55,4.61,24.58973399,45,73,2920,24.3,69,84,4.56,89,0.1,276.289146,9848132,1,9.7,0.671,11.7,"ph",2.58268766141795,283902828581.65,3.497,3.63093413027334,2.06106335042293,6.75053130394745,4.00964958379015,13.2071519981188,14.2155505909958,12.7438220631734,317288012998.106,47.1441818588088,FALSE
"123","philippines",2012,FALSE,68,72,58,83,56,5.02,212.7418488,60,49,1536,23.7,71,88,4.46,88,0.1,2581.818554,96866642,1,9.7,0.666,11.6,"ph",3.02696391124796,261920540972.102,3.504,3.61326895307167,1.99417610100127,6.89695170786769,2.65327822076163,13.5454813743813,13.8032343786345,12.3059271147044,290823739749.145,49.1574552049271,FALSE
"124","philippines",2011,FALSE,81,64,93,96,57,4.96,191.4949779,22,49,6538,23.1,72,87,4.29,87,0.1,2352.518156,9527794,1,9.7,0.669,11.5,"ph",4.7184170471842,234216730295.938,3.592,2.6409504980993,3.91880578110506,3.85823282420755,2.40919069908821,13.5211906616269,13.3982787220552,11.8490007823205,259495340501.428,48.805848124495,FALSE
"125","philippines",2010,FALSE,83,77,58,52,58,4.85,198.2563794,59,41,6368,22.6,74,78,4.37,79,0.1,2129.499242,93726624,1,9.7,0.662,11.4,"ph",3.78983634797591,208368893151.144,3.605,3.16350898733613,4.37088435978275,7.33449996514402,3.44540917722718,13.7936889438216,12.8470591641686,11.63527559371,231747446290.001,50.1962414764938,FALSE
"126","romania",2014,TRUE,73,57,92,61,2,0.01,1.576409172,50,39,59,59.9,2,94,5.57,94,0.1,12.27733,1998979,2.6,2.8,0.797,14.7,"ro",1.06830987684298,199722319675.741,6.802,6.63787782811327,1.71417093292732,4.11600109267832,-0.341464408053706,32.4416023202099,31.7187343494218,17.9390645906369,198781424858.361,46.267365320935,FALSE
"127","romania",2013,TRUE,74,76,89,66,2,9.59,1230.748231,22,46,1159,59.2,2,88,5.6,92,0.1,9585.266593,19983693,2.7,2.9,0.794,14.7,"ro",3.9847123554813,189798603751.235,7.096,9.00236757143017,1.39458661535372,0.278771877470234,-1.13746709997941,32.0257142585738,30.9518803610952,17.7605860355839,187012758431.175,43.8805399962637,FALSE
"128","romania",2012,TRUE,79,53,58,82,2,9.58,1078.358105,62,19,7450,58.4,2,92,5.48,91,0.1,8558.39766,25835,2.8,3,0.797,15.3,"ro",3.33492267693442,179117323107.087,6.794,7.24295337975641,3.81023942192328,1.90361696799603,-4.5780429237629,32.3000888420702,29.9762545863773,17.1587053558134,176155821463.583,40.3917534469162,FALSE
"129","romania",2011,TRUE,63,81,98,94,2,9.1,10.32588862,48,60,4189,57.7,2,89,5.53,89,0.1,92.277825,2147528,2.9,3.1,0.798,15.7,"ro",5.7892532881588,192623977894.173,7.177,7.83299754096995,3.98254945792303,4.49558909946313,-4.81588301986923,33.654601650106,29.8967874871219,17.2153737430501,190288593351.457,37.245722751539,FALSE
"130","romania",2010,TRUE,54,63,93,56,2,9,983.2518091,38,64,193,56.9,2,94,5.83,94,0.1,8297.483621,2246871,3,3.2,0.797,15.8,"ro",6.09141668601891,170064350671.827,6.959,7.68453304401845,5.93211185989944,-3.90581157302972,-4.98543687917279,34.8305247040647,30.0766309401006,16.2393386961731,168094458195.664,34.1288136220447,FALSE
"131","russian federation",2014,FALSE,81,61,91,89,13,10.12,1340.553699,33,44,4711,59.9,15,97,7.7,97,0.1,14125.961,143819666,2.3,2.3,0.803,14.9,"ru",7.82341183865513,2059241589895.01,5.212,3.39714683575481,7.49007111696609,0.736267221765672,2.79290979175164,26.4617539784902,27.1517347071711,13.2553613046452,1991279402292.03,11.2004612827286,TRUE
"132","russian federation",2013,FALSE,74,78,99,64,14,10.58,1529.497771,32,62,2339,59.3,16,98,7.9,97,0.2,15543.67653,14356911,2.3,2.3,0.799,14.6,"ru",6.75371026220942,2292470078346.22,5.513,3.93707019254129,5.32013887237915,1.75542214874298,1.45817388483059,24.606189979681,26.5415005953221,12.933492451261,2212865788369.71,9.06725564048848,TRUE
"133","russian federation",2012,FALSE,53,73,75,78,14,10.99,178.8225911,24,63,2123,58.7,16,98,6.88,97,0.3,15154.45687,14321676,2.3,2.4,0.792,14.3,"ru",5.07474300799149,2208293553878.42,5.484,0.176416618842598,8.90786842087834,4.02408615746921,3.22793090052757,24.1958551261758,27.2377003203952,13.7546730412872,2140632821885.44,8.55140859340356,TRUE
"134","russian federation",2011,FALSE,71,83,69,81,14,11.04,184.764931,30,46,629,58.1,17,97,6.61,97,0.3,14212.687,14296868,2.3,2.4,0.785,14,"ru",8.4404648593257,2045922753398.04,6.571,-12.8569352915768,24.4600860621898,4.30002918567749,4.75452652542426,23.3499683933859,29.1482849253086,13.9542036796753,1985523437666.18,8.64108194430582,TRUE
"135","russian federation",2010,FALSE,85,72,66,59,15,11.05,162.8088054,38,73,129,57.5,17,98,6.83,97,0.2,1674.98771,142849449,2.3,2.5,0.773,13.7,"ru",6.84939230255025,1524916715223.95,7.407,-2.95508373190848,14.1911095688207,4.49999999920672,4.4233366535099,27.37723900216,26.054156943742,13.048348846076,1477812038495.23,9.09810564473106,TRUE
"136","solomon islands",2014,FALSE,54,60,87,92,0,0.01,3.718438799,48,45,0,49.7,0,94,5.5,88,0.1,29.652622,57554,1.1,1.2,0.512,9.6,"sb",5.16590237925171,1335571420.72676,0.729,6.983413886352,3.67027557918389,1.18921747092358,-3.71115377219683,30.1602671454676,29.2323214747774,25.595674942286,1320294155.73102,8.72033980449154,FALSE
"137","solomon islands",2013,FALSE,53,73,89,80,0,0.01,24.73328608,31,24,0,48.9,0,99,5.42,94,0.1,188.5159,563513,1.1,1.2,0.509,9.5,"sb",5.3913638858756,1285911586.132,0.694,8.22833921731509,2.3522743375372,5.23774017780327,-2.99759976580723,30.5006730113438,30.0199809343017,26.6062570205221,1289722485.27314,10.105282402522,FALSE
"138","solomon islands",2012,FALSE,63,58,64,79,0,0.01,247.9492284,41,42,0,48.1,0,99,5.48,99,0.1,1858.689868,551531,1.2,1.2,0.505,9.4,"sb",5.91200602491155,1185215418.25562,0.984,6.33158325203438,4.65219263177319,2.46600138697883,2.22664220100674,25.2929239702425,29.040230824663,26.1766672121594,1128048090.58295,11.5924393632523,FALSE
"139","solomon islands",2011,FALSE,52,51,97,90,0,0.99,229.6687488,75,24,0,47.2,0,99,5.8,99,0.1,1642.837974,539614,1.2,1.2,0.497,9.4,"sb",7.34270706018,1063895360.69907,1.292,8.32386053475513,4.47682788873855,7.42994961675907,-1.76448181407241,24.9990552803986,27.4840402944831,25.1585966331263,990047255.301777,13.9268083446706,FALSE
"140","sri lanka",2014,FALSE,73,51,66,57,3,2.37,42.7308283,19,18,1686,22.7,3,99,3.5,99,0.1,382.54994,2771,15.2,15,0.76,14,"lk",3.1790022823606,82528535713.926,4.157,5.80537155039993,1.92062881101653,6.37797889289399,-2.40848114779964,14.2032918225841,10.9286954830402,9.74785982267564,80720442913.0281,68.5910423335315,FALSE
"141","sri lanka",2013,FALSE,53,78,72,79,3,2.56,41.62053588,29,18,2107,21.9,3,99,3.68,99,0.1,361.289374,2585,15.2,15.1,0.757,13.8,"lk",6.90845034828452,77000578167.353,4.186,5.83555736772905,6.25288525916727,4.05174632926911,-3.29942347704936,14.1567195341856,11.445022773289,10.1212570540829,75248910875.4524,68.353616559854,FALSE
"142","sri lanka",2012,FALSE,85,63,89,69,3,2.8,20.76877311,49,28,51,21.2,4,99,3.21,99,0.1,335.521375,2425,15.3,15.2,0.752,13.7,"lk",7.54291373239437,70447216891.3366,3.88,2.55187234202109,10.4634471767858,8.63218138024038,-5.69099820826854,15.0683571125145,11.6875492527087,10.1110307052525,69233385160.8634,66.747235367261,FALSE
"143","sri lanka",2011,FALSE,81,70,65,59,3,3.03,20.83302367,30,75,60,2.5,4,99,3.28,99,0.1,322.992615,2271,15.3,15.3,0.746,13.6,"lk",6.7167684358854,67753284043.9282,4.118,5.22391262563151,3.97992934293185,8.66948301160571,-6.81209784164494,15.5785036232024,12.4783946177691,10.8476049114868,67101713795.8986,68.5257394060365,FALSE
"144","sri lanka",2010,FALSE,85,70,86,71,3,2.31,191.7267589,25,29,79,19.8,4,99,3.43,99,0.1,2819.511161,2119,15.3,15.3,0.739,13.5,"lk",6.2176488930462,58636161081.712,4.784,-13.1700417408982,26.9348761761573,8.01596737040464,-1.83339082942674,16.3008487441341,12.3276099679356,10.9318686865706,58019026505.0527,69.2530251841062,FALSE
"145","eswatini",2014,FALSE,84,68,87,74,2,0.01,574.3895102,24,72,0,31.8,3,98,9.25,98,7.3,3464.35169,129597,4.3,4.3,0.541,11.4,"sz",5.68134885776447,4250545460.94523,23.828,2.17753262824353,6.31006367634119,1.71688783296895,12.047539811251,25.5091090344802,30.6541058982908,30.0079563731118,4063414218.60234,14.4248280159816,FALSE
"146","eswatini",2012,FALSE,70,74,98,89,2,0.01,720.2333929,40,48,0,3.7,3,92,8.76,95,12.2,3851.51547,1248158,4.8,4.9,0.534,11.3,"sz",8.93964682788212,4886551483.93374,25.128,0.00149565276416976,8.74837350194572,5.39663069666719,4.91018584462683,22.3302560357525,28.8375522484598,28.2333786479943,4571223253.09633,12.8823565660319,FALSE
"147","eswatini",2011,FALSE,60,50,88,77,2,5.2,735.7090978,53,23,0,3.2,3,85,8.61,91,15.7,3934.27325,1225258,5.1,5.2,0.526,11.2,"sz",6.10742714590251,4820478680.18375,25.987,3.47353525261266,5.34094513529033,2.2472297610679,-5.8442028934161,22.2232824611369,17.1214313459534,16.3070266691183,4528146052.15826,12.5120949775288,FALSE
"148","eswatini",2010,FALSE,60,50,94,56,2,4.93,56.93670561,31,73,313,29.7,4,89,8.47,89,21.6,369.239336,122843,5.4,5.6,0.523,11,"sz",4.50923691774369,4438765085.93784,26.736,6.34980997485791,3.19717545893681,3.79375496828149,-8.74814249319525,24.6869629074883,17.1149964788027,16.0005276272456,4212614314.93267,12.7334107582969,FALSE
"149","switzerland",2014,TRUE,67,57,67,75,0,9.61,19479.91161,29,26,23,57,0,96,11.66,96,0.1,85814.58857,8188649,0.4,0.3,0.936,15.9,"ch",-0.0132025387514939,726537808338,4.826,3.36510208636232,-0.653123803620176,2.34988127508626,6.86697602914757,16.7192645031926,17.1322484585604,9.08733953197482,725732044919.197,20.611242786827,TRUE
"150","switzerland",2013,TRUE,69,78,85,99,0,9.73,19099.04506,35,26,175,56.6,0,96,11.71,96,0.1,84658.88768,889346,0.4,0.3,0.934,15.8,"ch",-0.217323155115693,706234937370.968,4.747,2.77842216227006,-0.0868426404352363,1.79214405707484,9.60676890706284,16.7887620098092,17.3653496569185,9.25621409876975,717684744662.856,20.218157443689,TRUE
"151","switzerland",2012,TRUE,57,52,99,97,0,9.86,18379.32974,41,61,61,56.2,0,96,11.59,96,0.1,83164.38795,7996861,0.5,0.3,0.932,15.7,"ch",-0.692552018105253,686420221557.99,4.491,2.62294172480656,0.0637202631572649,1.17925383325108,8.8773281834645,16.5219261840556,17.1639791506782,9.1690747420643,697992809377.499,21.3444959349686,TRUE
"152","switzerland",2011,TRUE,81,67,94,59,0,9.99,18822.86732,39,53,621,55.8,0,96,11.21,96,0.1,87998.44468,7912398,0.5,0.3,0.932,15.6,"ch",0.2313492076509,715888126682.396,4.409,2.73934652630259,-0.0204529167059491,1.81310819203695,6.21119893660374,16.6376791837765,17.2901661887072,9.32195218828286,720038694879.46,21.1420070501854,TRUE
"153","switzerland",2010,TRUE,84,81,82,76,0,10.01,2198.590865,40,53,77,55.4,0,96,11.7,95,0.1,74276.71842,782499,0.5,0.4,0.92,15.4,"ch",0.688238707220026,598851028906.58,4.808,2.41305026833025,0.312736574258764,3.24339733550173,13.0332803465038,16.7197445429207,17.0689897525194,9.36400803897084,629972347630.646,20.9935662243333,TRUE
"154","thailand",2014,FALSE,69,70,68,63,8,6.41,789.0772949,67,54,0,32.4,10,99,4.12,99,0.1,5941.8471,68416772,7.8,7.8,0.737,13.6,"th",1.8951418189878,407339040197.651,0.576,3.45784317114814,1.44146536528029,0.984468863619426,2.8582840987004,19.9952273274915,20.3800515751315,16.4987842783279,386381481702.815,35.3904739452699,TRUE
"155","thailand",2013,FALSE,57,72,63,94,9,6.5,788.6873403,59,71,2641,31.3,10,99,4,99,0.1,6171.262444,6814365,7.9,7.9,0.733,13.6,"th",2.18488618530678,420333654592.547,0.249,3.22433498210821,1.77874589235417,2.68749556320556,-2.10153458942232,19.817256200685,21.3326375197768,17.7360544662812,393467486312.148,38.1666950570794,TRUE
"156","thailand",2012,FALSE,63,85,89,76,9,6.56,801.0504655,70,62,5197,3.1,11,99,4.17,99,0.1,5859.915622,67843979,8,8.1,0.729,13.7,"th",3.01489950334994,397558325278.579,0.58,3.21675712469183,1.90914444199674,7.24279620249642,-1.23233637957653,18.6216196174385,18.9380707949502,15.4409356740255,379342666424.563,28.4447160238828,TRUE
"157","thailand",2011,FALSE,85,70,84,77,10,6.07,748.4451054,22,44,3156,29,11,99,4.12,99,0.2,5491.159981,675313,8.1,8.2,0.72,13.3,"th",3.80879058139634,370818739623.622,0.66,1.2766820317925,3.7430981204437,0.840132083053334,2.54217096328341,19.41745835874,19.8124475584625,16.3618347937093,361875003955.99,28.1319763006874,TRUE
"158","thailand",2010,FALSE,66,65,52,90,10,5.95,71.6850913,49,53,2583,27.9,12,99,3.81,99,0.2,575.32176,672888,8.2,8.3,0.711,13.1,"th",3.24758842443723,341104766329.17,0.622,0.243128638611462,4.08098922673743,7.51339053261624,3.36732467219253,17.4114153723881,18.9981068906829,14.9326475542288,326815388832.283,26.9008455437265,FALSE
"159","tonga",2014,FALSE,53,83,50,88,0,0.01,565.9672173,57,62,0,74.8,0,82,5.18,8,0.1,4192.349758,15782,0.1,0.1,0.716,14.3,"to",2.51087633253706,440997738.014078,1.92,8.59924462526689,0.0415389306808009,1.99054015465354,-6.26556406033615,30.3775518946562,20.1678759419521,17.1045937580802,444161208.653785,47.3558959748934,FALSE
"160","tonga",2013,FALSE,78,76,55,97,0,0.01,584.9449886,28,42,0,74.3,0,84,4.98,82,0.1,4266.557174,15328,0.1,0.1,0.718,14.3,"to",0.77562932236742,451788486.864637,1.754,11.9183021742981,-2.29125163479002,0.393913876447826,-9.47350622217522,27.6506584607303,19.3274598476586,16.9324743710675,463089490.25421,48.914578904204,FALSE
"161","ukraine",2014,FALSE,83,63,81,99,4,8.06,5.663849328,70,61,0,6.7,5,45,7.1,23,0.2,314.658296,45271947,2.3,2.4,0.746,15.2,"ua",12.0718562874251,133503871861.723,9.27,1.56710691315341,15.9017375254406,-10.0788949856211,-3.44259678457888,43.5407000374941,33.6845451709764,17.294347838416,131977538852.591,63.6653191884884,FALSE
"162","ukraine",2013,FALSE,50,60,82,71,4,8.44,52.42529588,45,34,0,6.1,5,72,7.67,76,0.2,429.71554,454896,2.3,2.4,0.744,15.2,"ua",-0.238948626045407,190498811460.028,7.17,11.8306483626893,4.30879343709354,0.045439094492707,-8.67092024008033,38.6815940819239,34.7676228164977,16.8986843392832,187716627048.668,35.6313995863809,FALSE
"163","ukraine",2012,FALSE,82,54,82,82,5,8.44,453.7830847,69,68,12746,59.6,5,72,7.47,76,0.2,3855.42128,455933,2.4,2.4,0.739,15.1,"ua",0.568727971803862,182591753827.949,7.529,9.64012656225921,7.98256111045039,0.152314967200653,-7.85084742299342,39.5379741977224,36.0950783910037,17.6333154227001,180602773435.061,32.445911715199,FALSE
"164","ukraine",2011,FALSE,71,68,93,98,5,8.48,415.1627705,52,29,1333,59,5,54,6.98,5,0.2,3569.75727,45761,2.4,2.5,0.734,14.9,"ua",7.95572466274652,169333835201.554,7.851,1.54605607669365,14.1819086626365,5.44528081048476,-6.04309232577169,36.8763128364085,34.9854815302354,17.8400492744471,161004939653.442,26.4808201734686,FALSE
"165","ukraine",2010,FALSE,82,72,94,50,5,8.39,375.6835376,35,64,39,58.5,6,57,7.81,52,0.2,2965.142365,45877,2.4,2.5,0.728,14.9,"ua",9.37293105078978,141209170427.233,8.1,1.93111737385513,13.6732282073329,4.09200436668087,-2.13583862214825,39.5439524891017,33.1679703012266,14.997505767077,135958427544.398,28.8666366228354,FALSE
"166","uruguay",2014,FALSE,63,59,87,87,0,6.03,463.6397821,53,46,0,63.4,0,95,8.58,95,0.1,16737.89827,3419546,1.5,1.4,0.791,15.5,"uy",8.87735333229828,61496186973.902,6.547,4.82076932063266,10.2206566034525,3.23879122952364,-2.98942522248202,29.5808927457727,28.7136319724121,17.275289380084,57758605834.761,41.2850007406183,FALSE
"167","uruguay",2013,FALSE,66,76,95,80,0,5.82,482.8039445,64,45,0,62.9,0,94,8.68,94,0.1,16881.2568,3485,1.5,1.4,0.788,15.5,"uy",8.57513504005397,61337621933.7857,6.444,3.15123121935886,8.99924666884517,4.63753862902416,-3.28720935568054,29.2703887862228,29.1776601490145,17.8597397264673,58272697036.2874,40.0884943756463,FALSE
"168","uruguay",2012,FALSE,78,59,55,83,0,5.77,339.7190493,69,18,0,62.3,0,95,8.74,95,0.1,1592.6819,3396777,1.5,1.5,0.784,15.5,"uy",8.09776580573602,54232266358.7811,6.451,1.63260408891417,9.41291247372213,3.53817872056869,-3.7550569524485,28.8425661023934,28.3021326547872,17.7918744506058,50380210747.357,41.0282347488741,FALSE
"169","uruguay",2011,FALSE,82,75,68,92,0,5.97,417.9117441,32,38,0,61.8,1,95,8.55,95,0.1,14166.4998,3385624,1.5,1.5,0.78,15.5,"uy",8.0928320630299,50342406067.0777,6.307,-0.0851869359373854,9.87542024568336,5.16213302463606,-2.61132861090732,27.7352832980739,28.6039900181098,18.1987734858938,48712391359.77,43.2074168775786,FALSE
"170","uruguay",2010,FALSE,72,67,51,74,0,6.21,2331.532804,56,66,0,61.2,1,95,8.63,95,0.1,11938.212,3374415,1.5,1.5,0.777,15.6,"uy",6.69870886978132,41950361211.9581,7.158,4.33049768870303,5.74685698442181,7.8034096507169,-1.7421567938392,28.2518723908528,28.7222949826024,18.1364190185862,40447852178.1071,42.4666388141691,FALSE
"171","zambia",2014,FALSE,63,65,69,60,28,0.01,196.6675768,37,43,9,22.8,41,78,4.99,86,4.3,1738.8822,1562974,6.3,6.2,0.57,12.5,"zm",7.80687553566333,27141023558.0829,6.571,5.81636783051129,5.44052458126617,4.69328316376705,-1.4270939600475,20.2562396253045,17.7376341640078,15.7610303316911,26589065800.1625,44.3958675879332,FALSE
"172","zambia",2013,FALSE,69,83,62,58,29,2.41,20.62306285,51,46,35,22.3,42,74,4.99,79,4.8,185.793359,1515321,6.4,6.2,0.565,12.5,"zm",6.97767605490307,28037239462.7142,7.264,-0.191430038192798,9.73089122030567,5.05753695047252,-0.575955750525117,17.8533057349122,16.2362093688669,14.3471093166635,26888392774.4326,24.2239941438767,FALSE
"173","zambia",2012,FALSE,72,72,66,84,29,2.59,196.9152496,42,42,896,21.7,43,7,4.91,78,5.6,1734.93612,14699937,6.5,6.3,0.554,12.3,"zm",6.57589970757698,25503060420.026,7.85,4.82147742594943,6.99222724900214,7.59738104901994,5.37898486156035,16.5322416609076,16.6680892991001,14.8923642974021,25071084452.0428,23.4889192806696,FALSE
"174","zambia",2011,FALSE,50,80,88,70,29,2.57,183.0461695,63,47,13234,21.2,44,83,4.26,81,6.3,1644.619672,14264756,6.6,6.4,0.543,12,"zm",6.4293968107234,23459515275.5776,10.545,6.95655957659878,11.1074132686175,5.56925219263019,4.65823655766585,14.4956773687217,17.4683770602892,14.7159433183957,22302537247.7215,18.0499093578444,FALSE
"175","zambia",2010,FALSE,74,51,69,69,30,2.47,184.3649102,38,72,15754,2.7,45,8,4.41,83,6.8,1463.213573,138533,6.7,6.5,0.533,11.8,"zm",8.50176133365265,20265559483.8548,13.19,6.11294221169531,13.9509131934519,10.2982233241213,7.52549147652086,14.6688561532361,14.3625876180455,12.834842405292,18902559483.8548,17.3215114809658,FALSE
